Workbook

Sheet Summary
A1: URBN comparable-sales nowcast, as of 2026-08-30 (day 30 of fiscal 2027Q3)
A3: KPI | B3: Last reported comp (2027Q2) | C3: Panel QTD YoY, 2027Q3 to day 30 | D3: Panel QTD YoY, 2027Q2 at day 30 | E3: Panel change (pp) | F3: Fitted slope | G3: Model forecast 2027Q3 | H3: Consensus | I3: Model vs Street (pp) | J3: Typical model error at day 30 (pp) | K3: Error if last comp is repeated (pp)
A4: Anthropologie | B4: 0.03 | C4: 0.014739293 | D4: 0.029946144 | E4: =100*(C4-D4) | F4: 0.18223391 | G4: =B4+F4*(C4-D4) | H4: 0.03225 | I4: =100*(G4-H4) | J4: =100*SUMPRODUCT(ABS('By quarter'!C3:C15-'By quarter'!B3:B15)*('By quarter'!B3:B15<>""))/COUNT('By quarter'!B3:B15) | K4: =100*SUMPRODUCT(ABS('By quarter'!D3:D15-'By quarter'!B3:B15)*('By quarter'!B3:B15<>""))/COUNT('By quarter'!B3:B15)
A5: Free People | B5: 0.1 | C5: 0.10083785 | D5: 0.10423474 | E5: =100*(C5-D5) | F5: 0.42873457 | G5: =B5+F5*(C5-D5) | H5: 0.081823901 | I5: =100*(G5-H5) | J5: =100*SUMPRODUCT(ABS('By quarter'!G3:G15-'By quarter'!F3:F15)*('By quarter'!F3:F15<>""))/COUNT('By quarter'!F3:F15) | K5: =100*SUMPRODUCT(ABS('By quarter'!H3:H15-'By quarter'!F3:F15)*('By quarter'!F3:F15<>""))/COUNT('By quarter'!F3:F15)
A6: Urban Outfitters | B6: 0.084 | C6: 0.02191557 | D6: 0.0056606985 | E6: =100*(C6-D6) | F6: 0.3714656 | G6: =B6+F6*(C6-D6) | H6: 0.05375 | I6: =100*(G6-H6) | J6: =100*SUMPRODUCT(ABS('By quarter'!K3:K15-'By quarter'!J3:J15)*('By quarter'!J3:J15<>""))/COUNT('By quarter'!J3:J15) | K6: =100*SUMPRODUCT(ABS('By quarter'!L3:L15-'By quarter'!J3:J15)*('By quarter'!J3:J15<>""))/COUNT('By quarter'!J3:J15)
A7: URBN total | B7: 0.062 | C7: 0.040711472 | D7: 0.047714654 | E7: =100*(C7-D7) | F7: 0.05431904 | G7: =B7+F7*(C7-D7) | H7: 0.051461698 | I7: =100*(G7-H7) | J7: =100*SUMPRODUCT(ABS('By quarter'!O3:O15-'By quarter'!N3:N15)*('By quarter'!N3:N15<>""))/COUNT('By quarter'!N3:N15) | K7: =100*SUMPRODUCT(ABS('By quarter'!P3:P15-'By quarter'!N3:N15)*('By quarter'!N3:N15<>""))/COUNT('By quarter'!N3:N15)
A9: How to read this
A10: The model starts from the last reported comp (2027Q2) and moves it by the fitted slope times the change in panel spend growth since that quarter, compared at the same day of the quarter: forecast = last comp + slope x (panel YoY now - panel YoY then).
A11: ="Typical miss at day 30: "&TEXT(MIN(J4:J7),"0.0")&" to "&TEXT(MAX(J4:J7),"0.0")&" pp, only a little better than repeating the last comp. Read the forecast as a direction versus consensus, not a point estimate."
A12: Reported comps are assumed usable 20 days after quarter end. The Notes sheet has definitions and assumptions.

Sheet By quarter
B1: Anthropologie | F1: Free People | J1: Urban Outfitters | N1: URBN total
A2: Quarter | B2: Reported | C2: Model (day 30) | D2: Naive | E2: Error (pp) | F2: Reported | G2: Model (day 30) | H2: Naive | I2: Error (pp) | J2: Reported | K2: Model (day 30) | L2: Naive | M2: Error (pp) | N2: Reported | O2: Model (day 30) | P2: Naive | Q2: Error (pp)
A3: 2024Q3 | B3: 0.132 | C3: 0.10784545 | D3: 0.106 | E3: =IF(B3="","",100*(C3-B3)) | F3: 0.225 | G3: 0.25531306 | H3: 0.269 | I3: =IF(F3="","",100*(G3-F3)) | J3: -0.142 | K3: -0.10370751 | L3: -0.141 | M3: =IF(J3="","",100*(K3-J3)) | N3: 0.056 | O3: 0.044713086 | P3: 0.049027709 | Q3: =IF(N3="","",100*(O3-N3))
A4: 2024Q4 | B4: 0.12 | C4: 0.13912856 | D4: 0.132 | E4: =IF(B4="","",100*(C4-B4)) | F4: 0.189 | G4: 0.20256757 | H4: 0.225 | I4: =IF(F4="","",100*(G4-F4)) | J4: -0.136 | K4: -0.11663203 | L4: -0.142 | M4: =IF(J4="","",100*(K4-J4)) | N4: 0.049 | O4: 0.052701275 | P4: 0.056 | Q4: =IF(N4="","",100*(O4-N4))
A5: 2025Q1 | B5: 0.104 | C5: 0.11636963 | D5: 0.12 | E5: =IF(B5="","",100*(C5-B5)) | F5: 0.171 | G5: 0.19057331 | H5: 0.189 | I5: =IF(F5="","",100*(G5-F5)) | J5: -0.137 | K5: -0.14316908 | L5: -0.136 | M5: =IF(J5="","",100*(K5-J5)) | N5: 0.046 | O5: 0.050663904 | P5: 0.049 | Q5: =IF(N5="","",100*(O5-N5))
A6: 2025Q2 | B6: 0.067 | C6: 0.10314533 | D6: 0.104 | E6: =IF(B6="","",100*(C6-B6)) | F6: 0.071 | G6: 0.10904903 | H6: 0.171 | I6: =IF(F6="","",100*(G6-F6)) | J6: -0.093 | K6: -0.12868355 | L6: -0.137 | M6: =IF(J6="","",100*(K6-J6)) | N6: 0.02 | O6: 0.046885582 | P6: 0.046 | Q6: =IF(N6="","",100*(O6-N6))
A7: 2025Q3 | B7: 0.058 | C7: 0.062092128 | D7: 0.067 | E7: =IF(B7="","",100*(C7-B7)) | F7: 0.053 | G7: 0.082760951 | H7: 0.071 | I7: =IF(F7="","",100*(G7-F7)) | J7: -0.089 | K7: -0.099198667 | L7: -0.093 | M7: =IF(J7="","",100*(K7-J7)) | N7: 0.015 | O7: 0.020920957 | P7: 0.02 | Q7: =IF(N7="","",100*(O7-N7))
A8: 2025Q4 | B8: 0.083 | C8: 0.055269524 | D8: 0.058 | E8: =IF(B8="","",100*(C8-B8)) | F8: 0.08 | G8: 0.041806413 | H8: 0.053 | I8: =IF(F8="","",100*(G8-F8)) | J8: -0.035 | K8: -0.079418939 | L8: -0.089 | M8: =IF(J8="","",100*(K8-J8)) | N8: 0.051 | O8: 0.014883745 | P8: 0.015 | Q8: =IF(N8="","",100*(O8-N8))
A9: 2026Q1 | B9: 0.069 | C9: 0.095132398 | D9: 0.083 | E9: =IF(B9="","",100*(C9-B9)) | F9: 0.031 | G9: 0.067629373 | H9: 0.08 | I9: =IF(F9="","",100*(G9-F9)) | J9: 0.021 | K9: -0.00074026442 | L9: -0.035 | M9: =IF(J9="","",100*(K9-J9)) | N9: 0.048 | O9: 0.050225496 | P9: 0.051 | Q9: =IF(N9="","",100*(O9-N9))
A10: 2026Q2 | B10: 0.057 | C10: 0.06255337 | D10: 0.069 | E10: =IF(B10="","",100*(C10-B10)) | F10: 0.067 | G10: 0.044621406 | H10: 0.031 | I10: =IF(F10="","",100*(G10-F10)) | J10: 0.042 | K10: 0.0058764286 | L10: 0.021 | M10: =IF(J10="","",100*(K10-J10)) | N10: 0.056 | O10: 0.049126452 | P10: 0.048 | Q10: =IF(N10="","",100*(O10-N10))
A11: 2026Q3 | B11: 0.076 | C11: 0.063293695 | D11: 0.057 | E11: =IF(B11="","",100*(C11-B11)) | F11: 0.041 | G11: 0.057429701 | H11: 0.067 | I11: =IF(F11="","",100*(G11-F11)) | J11: 0.125 | K11: 0.095146765 | L11: 0.042 | M11: =IF(J11="","",100*(K11-J11)) | N11: 0.08 | O11: 0.0532938 | P11: 0.056 | Q11: =IF(N11="","",100*(O11-N11))
A12: 2026Q4 | B12: 0.037 | C12: 0.069198966 | D12: 0.076 | E12: =IF(B12="","",100*(C12-B12)) | F12: 0.052 | G12: 0.061977108 | H12: 0.041 | I12: =IF(F12="","",100*(G12-F12)) | J12: 0.096 | K12: 0.1092283 | L12: 0.125 | M12: =IF(J12="","",100*(K12-J12)) | N12: 0.055 | O12: 0.078947336 | P12: 0.08 | Q12: =IF(N12="","",100*(O12-N12))
A13: 2027Q1 | B13: 0.019 | C13: 0.017299974 | D13: 0.037 | E13: =IF(B13="","",100*(C13-B13)) | F13: 0.098 | G13: 0.012690249 | H13: 0.052 | I13: =IF(F13="","",100*(G13-F13)) | J13: 0.093 | K13: 0.053497868 | L13: 0.096 | M13: =IF(J13="","",100*(K13-J13)) | N13: 0.056 | O13: 0.047483176 | P13: 0.055 | Q13: =IF(N13="","",100*(O13-N13))
A14: 2027Q2 | B14: 0.03 | C14: 0.035151043 | D14: 0.019 | E14: =IF(B14="","",100*(C14-B14)) | F14: 0.1 | G14: 0.14506633 | H14: 0.098 | I14: =IF(F14="","",100*(G14-F14)) | J14: 0.084 | K14: 0.1027624 | L14: 0.093 | M14: =IF(J14="","",100*(K14-J14)) | N14: 0.062 | O14: 0.059910457 | P14: 0.056 | Q14: =IF(N14="","",100*(O14-N14))
A15: 2027Q3 (in progress) | C15: 0.027228796 | D15: 0.03 | E15: =IF(B15="","",100*(C15-B15)) | G15: 0.098543636 | H15: 0.1 | I15: =IF(F15="","",100*(G15-F15)) | K15: 0.090038126 | L15: 0.084 | M15: =IF(J15="","",100*(K15-J15)) | O15: 0.061619594 | P15: 0.062 | Q15: =IF(N15="","",100*(O15-N15))

Sheet By day
B1: Anthropologie | D1: Free People | F1: Urban Outfitters | H1: URBN total | J1: Average of 4 KPIs
A2: Day in quarter | B2: Model MAE (pp) | C2: Naive MAE (pp) | D2: Model MAE (pp) | E2: Naive MAE (pp) | F2: Model MAE (pp) | G2: Naive MAE (pp) | H2: Model MAE (pp) | I2: Naive MAE (pp) | J2: Model MAE (pp) | K2: Naive MAE (pp)
A3: 1 | B3: 3.0416199 | C3: 2.71 | D3: 4.9409631 | E3: 4.64 | F3: 4.2836323 | G3: 5.43 | H3: 2.0435967 | I3: 2.03 | J3: =AVERAGE(B3,D3,F3,H3) | K3: =AVERAGE(C3,E3,G3,I3)
A4: 2 | B4: 2.5454042 | C4: 2.71 | D4: 4.3899263 | E4: 4.64 | F4: 5.9568177 | G4: 5.43 | H4: 2.2410464 | I4: 2.03 | J4: =AVERAGE(B4,D4,F4,H4) | K4: =AVERAGE(C4,E4,G4,I4)
A5: 3 | B5: 2.8902917 | C5: 2.71 | D5: 4.4931919 | E5: 4.64 | F5: 5.4817767 | G5: 5.43 | H5: 2.1384308 | I5: 2.03 | J5: =AVERAGE(B5,D5,F5,H5) | K5: =AVERAGE(C5,E5,G5,I5)
A6: 4 | B6: 2.8061124 | C6: 2.71 | D6: 3.8751382 | E6: 4.64 | F6: 5.8859572 | G6: 5.43 | H6: 2.0040312 | I6: 2.03 | J6: =AVERAGE(B6,D6,F6,H6) | K6: =AVERAGE(C6,E6,G6,I6)
A7: 5 | B7: 2.663757 | C7: 2.71 | D7: 3.9317191 | E7: 4.64 | F7: 5.5311368 | G7: 5.43 | H7: 1.8039109 | I7: 2.03 | J7: =AVERAGE(B7,D7,F7,H7) | K7: =AVERAGE(C7,E7,G7,I7)
A8: 6 | B8: 2.7164281 | C8: 2.71 | D8: 3.952693 | E8: 4.64 | F8: 5.1323444 | G8: 5.43 | H8: 1.6694307 | I8: 2.03 | J8: =AVERAGE(B8,D8,F8,H8) | K8: =AVERAGE(C8,E8,G8,I8)
A9: 7 | B9: 2.7459036 | C9: 2.71 | D9: 3.9583167 | E9: 4.64 | F9: 4.8101491 | G9: 5.43 | H9: 1.7474984 | I9: 2.03 | J9: =AVERAGE(B9,D9,F9,H9) | K9: =AVERAGE(C9,E9,G9,I9)
A10: 8 | B10: 2.5427255 | C10: 2.71 | D10: 4.3450515 | E10: 4.64 | F10: 5.2652909 | G10: 5.43 | H10: 1.6950921 | I10: 2.03 | J10: =AVERAGE(B10,D10,F10,H10) | K10: =AVERAGE(C10,E10,G10,I10)
A11: 9 | B11: 2.3911191 | C11: 2.71 | D11: 3.9966168 | E11: 4.64 | F11: 4.7711628 | G11: 5.43 | H11: 1.8430136 | I11: 2.03 | J11: =AVERAGE(B11,D11,F11,H11) | K11: =AVERAGE(C11,E11,G11,I11)
A12: 10 | B12: 2.5490977 | C12: 2.71 | D12: 3.7297502 | E12: 4.64 | F12: 4.8121532 | G12: 5.43 | H12: 1.8087321 | I12: 2.03 | J12: =AVERAGE(B12,D12,F12,H12) | K12: =AVERAGE(C12,E12,G12,I12)
A13: 11 | B13: 2.7969731 | C13: 2.71 | D13: 3.719292 | E13: 4.64 | F13: 5.086724 | G13: 5.43 | H13: 1.9961691 | I13: 2.03 | J13: =AVERAGE(B13,D13,F13,H13) | K13: =AVERAGE(C13,E13,G13,I13)
A14: 12 | B14: 2.7543096 | C14: 2.71 | D14: 3.7961504 | E14: 4.64 | F14: 4.5675263 | G14: 5.43 | H14: 1.9180527 | I14: 2.03 | J14: =AVERAGE(B14,D14,F14,H14) | K14: =AVERAGE(C14,E14,G14,I14)
... A32: 30 | B32: 1.7255232 | C32: 1.9833333 | D32: 3.210403 | E32: 3.4416667 | F32: 2.6111717 | G32: 2.5916667 | H32: 1.3244486 | I32: 1.2581024 | J32: =AVERAGE(B32,D32,F32,H32) | K32: =AVERAGE(C32,E32,G32,I32)

Sheet Panel trends
D1: Anthropologie | G1: Free People | J1: Urban Outfitters | M1: URBN total
A2: Date | B2: Fiscal quarter | C2: Day in quarter | D2: Daily YoY | E2: Trailing 7-day YoY | F2: QTD YoY | G2: Daily YoY | H2: Trailing 7-day YoY | I2: QTD YoY | J2: Daily YoY | K2: Trailing 7-day YoY | L2: QTD YoY | M2: Daily YoY | N2: Trailing 7-day YoY | O2: QTD YoY
A3: 46264 | B3: 2027Q3 | C3: 30 | D3: -0.090339645 | E3: 0.056368898 | F3: 0.014739293 | G3: -0.013170773 | H3: 0.05495624 | I3: 0.10083785 | J3: -0.26935023 | K3: -0.028629916 | L3: 0.02191557 | M3: -0.10565801 | N3: 0.04239242 | O3: 0.040711472
A4: 46263 | B4: 2027Q3 | C4: 29 | D4: 0.11383941 | E4: 0.04026202 | F4: 0.019667944 | G4: 0.26706642 | H4: 0.056316799 | I4: 0.10508237 | J4: 0.22255303 | K4: -0.013350591 | L4: 0.034430609 | M4: 0.17122166 | N4: 0.036007408 | O4: 0.04705855
A5: 46262 | B5: 2027Q3 | C5: 28 | D5: 0.12933844 | E5: 0.046838074 | F5: 0.015542935 | G5: 0.10471424 | H5: 0.062866756 | I5: 0.099601941 | J5: 0.34283641 | K5: 0.021441836 | L5: 0.027579539 | M5: 0.15022284 | N5: 0.047234483 | O5: 0.042155382
A6: 46261 | B6: 2027Q3 | C6: 27 | D6: 0.010926211 | E6: 0.015982953 | F6: 0.01122609 | G6: 0.083545859 | H6: 0.071349746 | I6: 0.099423289 | J6: 0.021190741 | K6: 0.0050083332 | L6: 0.020352113 | M6: 0.031402683 | N6: 0.029570181 | O6: 0.038467529
A7: 46260 | B7: 2027Q3 | C7: 26 | D7: -0.035572169 | E7: 0.024823072 | F7: 0.011238748 | G7: 0.17945816 | H7: 0.077951388 | I7: 0.099938419 | J7: -0.025079266 | K7: 0.018998775 | L7: 0.020332587 | M7: 0.016566623 | N7: 0.038880943 | O7: 0.038719203
A8: 46259 | B8: 2027Q3 | C8: 25 | D8: 0.54990633 | E8: 0.040525309 | F8: 0.013443785 | G8: 0.03590569 | H8: 0.084345068 | I8: 0.097494411 | J8: 0.011286104 | K8: 0.01817045 | L8: 0.021487862 | M8: 0.31284347 | N8: 0.04924977 | O8: 0.039560467
A9: 46258 | B9: 2027Q3 | C9: 24 | D9: -0.17172983 | E9: -0.034983164 | F9: -0.0067695199 | G9: -0.18424966 | H9: 0.090180946 | I9: 0.099710754 | J9: -0.28427957 | K9: 0.013593653 | L9: 0.021757818 | M9: -0.19608294 | N9: 0.010835551 | O9: 0.030019814
A10: 46257 | B10: 2027Q3 | C10: 23 | D10: -0.2085949 | E10: -0.045558966 | F10: 0.00053242945 | G10: -0.0039884648 | H10: 0.11474459 | I10: 0.1138979 | J10: -0.1974516 | K10: 0.038902156 | L10: 0.033970151 | M10: -0.15213981 | N10: 0.016885102 | O10: 0.040200609
A11: 46256 | B11: 2027Q3 | C11: 22 | D11: 0.17592994 | E11: -0.031872242 | F11: 0.012382341 | G11: 0.3063164 | H11: 0.093994895 | I11: 0.11967412 | J11: 0.46680706 | K11: 0.034290062 | L11: 0.046447006 | M11: 0.26529623 | N11: 0.017368962 | O11: 0.05056227
A12: 46255 | B12: 2027Q3 | C12: 21 | D12: -0.09456232 | E12: -0.040164332 | F12: 0.0042250696 | G12: 0.16598543 | H12: 0.10326586 | I12: 0.11114232 | J12: 0.14484388 | K12: 0.026495888 | L12: 0.029158012 | M12: 0.018956974 | N12: 0.014332467 | O12: 0.040497577
A13: 46254 | B13: 2027Q3 | C13: 20 | D13: 0.084365665 | E13: 0.0027375829 | F13: 0.0094146751 | G13: 0.13203411 | H13: 0.10239808 | I13: 0.10862992 | J13: 0.12301442 | K13: 0.028329326 | L13: 0.024607599 | M13: 0.10597141 | N13: 0.037269528 | O13: 0.041528148
A14: 46253 | B14: 2027Q3 | C14: 19 | D14: 0.072545807 | E14: -0.0025921853 | F14: 0.0060073623 | G14: 0.22907469 | H14: 0.10497561 | I14: 0.10754383 | J14: -0.023458834 | K14: 0.013073711 | L14: 0.020729361 | M14: 0.099948838 | N14: 0.03222795 | O14: 0.038661706
... A399: 45868 | B399: 2026Q2 | C399: 91 | D399: 0.022924595 | E399: 0.057477993 | F399: 0.035429589 | G399: 0.16429859 | H399: 0.047132111 | I399: 0.078270018 | J399: 0.44599251 | K399: 0.24025518 | L399: 0.021026362 | M399: 0.1589081 | N399: 0.090245621 | O399: 0.045663611

Sheet Notes
A1: Topic | B1: Note
A2: Data cut | B2: Card panel through 2026-08-30, day 30 of fiscal 2027Q3. Latest reported quarter: 2027Q2. Consensus is the current snapshot for 2027Q3; there is no consensus history.
A3: Summary | B3: For the portfolio manager. Where the model sits for the in-progress quarter versus the last reported comp and consensus, what moved it, and how far a forecast made at this day has typically missed.
A4: By quarter | B4: For the PM and analyst. Every quarter's reported comp against the forecast made on day 30 and the naive baseline. The first chart on Summary, as numbers.
A5: By day | B5: For the analyst. Mean absolute error of the model and the naive baseline for a forecast made on each day of the quarter, over the scored quarters. Shows how early the read can be trusted.
A6: Panel trends | B6: For the analyst and PM. Daily, trailing-7-day and quarter-to-date panel spend growth year over year, aligned by day in quarter, for the last 13 months, newest first.
A7: Formulas | B7: Panel change, the forecast, model vs Street and both error columns on Summary, the Error (pp) columns on By quarter and the averages on By day are live Excel formulas, so every derived number can be traced or overridden. Reported comps, panel YoY, consensus, fitted slopes, per-day errors and the trends are values from the pipeline.
A8: Comp | B8: Reported comparable-sales growth for the fiscal quarter, as a rate (6.2% = 0.062).
A9: Panel QTD YoY | B9: Quarter-to-date card-panel spend versus the same day in quarter of the prior fiscal year. The panel is a sample of URBN sales, not a comp; its coverage drifts, so the model uses changes in it rather than its level.
A10: pp | B10: Percentage points. A forecast of 6.2% against a reported 5.0% is an error of +1.2 pp.
A11: Naive baseline | B11: Repeat the latest reported comp. The model has to beat this to add anything.
A12: Model | B12: ="Forecast = last reported comp + slope x (panel QTD YoY this quarter minus panel QTD YoY of that reported quarter at the same day). "&"The slope is fitted per KPI and per day on earlier quarters only, and needs at least four of them, so the first scored quarter is "&'By quarter'!A3&"."
A13: Availability | B13: Reported comps are assumed usable 20 calendar days after the fiscal quarter ends; until then the reference is the quarter before. A simplifying assumption, not the actual release dates.
A14: Day in quarter | B14: Year-over-year comparisons align day 1 to day 1 of the prior-year fiscal quarter. A day with no prior-year match (the leap-year tail) gets no YoY and no forecast.
A15: Confidence | B15: =COUNT('By quarter'!B3:B15)&" scored quarters per KPI. Typical miss at day 30 is "&TEXT(MIN(Summary!J4:J7),"0.0")&" to "&TEXT(MAX(Summary!J4:J7),"0.0")&" pp with only a small edge over the naive baseline. Read the forecast as a direction versus consensus, not a point estimate."
